City_ID,City,Country,Lat,Lng,Max Temp,Humidity,Cloudiness,Wind Speed,Current Description,Rain (inches),Snow (inches)
0,Busselton,AU,-33.65,115.33,52.0,71,40,12.82,scattered clouds,0.0,0.0
1,Saint-Francois,FR,46.42,3.91,69.8,60,41,3.36,scattered clouds,0.0,0.0
2,Ushuaia,AR,-54.8,-68.3,33.8,94,75,12.75,shower rain,0.0,0.0
3,Mataura,NZ,-46.19,168.86,39.0,83,94,3.0,overcast clouds,0.0,0.0
4,Rikitea,PF,-23.12,-134.97,69.93,54,100,9.95,overcast clouds,0.0,0.0
5,Dikson,RU,73.51,80.55,38.07,79,17,11.92,few clouds,0.0,0.0
6,Sao Filipe,CV,14.9,-24.5,79.57,64,0,16.04,clear sky,0.0,0.0
7,Atocha,BO,-20.93,-66.23,41.38,48,0,10.96,clear sky,0.0,0.0
8,Punta Arenas,CL,-53.15,-70.92,35.6,64,0,13.87,clear sky,0.0,0.0
9,Hecun,CN,36.53,114.11,73.17,60,27,1.92,scattered clouds,0.0,0.0
10,Bredasdorp,ZA,-34.53,20.04,46.4,100,14,3.47,few clouds,0.0,0.0
11,Khani,GE,41.96,42.96,80.6,47,0,16.11,clear sky,0.0,0.0
12,Karakol,KG,42.49,78.39,52.23,60,96,1.74,overcast clouds,0.0,0.0
13,Ponta Do Sol,PT,32.67,-17.1,69.8,68,20,12.75,few clouds,0.0,0.0
14,New Norfolk,AU,-42.78,147.06,53.01,90,100,2.48,overcast clouds,0.0,0.0
15,Pangnirtung,CA,66.15,-65.71,39.2,100,90,8.05,overcast clouds,0.0,0.0
16,Longyearbyen,SJ,78.22,15.64,44.6,75,75,3.36,broken clouds,0.0,0.0
17,Fortuna,US,40.6,-124.16,73.0,82,20,16.11,few clouds,0.0,0.0
18,Humaita,BR,-7.51,-63.02,82.35,62,85,1.48,overcast clouds,0.0,0.0
19,Atuona,PF,-9.8,-139.03,79.77,71,7,14.5,clear sky,0.0,0.0
20,Cidreira,BR,-30.18,-50.21,68.27,71,33,9.15,scattered clouds,0.0,0.0
21,Turukhansk,RU,65.82,87.98,55.78,70,98,6.02,overcast clouds,0.0,0.0
22,Lompoc,US,34.64,-120.46,72.0,60,75,14.99,broken clouds,0.0,0.0
23,Henties Bay,NA,-22.12,14.28,66.99,38,0,1.99,clear sky,0.0,0.0
24,Port Blair,IN,11.67,92.75,82.35,80,100,7.47,overcast clouds,0.0,0.0
25,Puttur,IN,12.77,75.22,77.0,83,75,4.7,broken clouds,0.0,0.0
26,Port Hardy,CA,50.7,-127.42,59.0,93,90,5.82,mist,0.0,0.0
27,Gat,IL,31.61,34.76,75.0,80,0,3.06,clear sky,0.0,0.0
28,Butaritari,KI,3.07,172.79,83.53,72,32,16.2,scattered clouds,0.0,0.0
29,Hermanus,ZA,-34.42,19.23,51.01,91,0,3.11,clear sky,0.0,0.0
30,Honiara,SB,-9.43,159.95,77.0,88,40,3.6,scattered clouds,0.0,0.0
31,Eau Claire,US,44.81,-91.5,72.0,56,90,9.17,light rain,0.0,0.0
32,Bluff,NZ,-46.6,168.33,39.0,83,96,3.0,overcast clouds,0.0,0.0
33,Yellowknife,CA,62.46,-114.35,73.0,42,40,13.87,scattered clouds,0.0,0.0
34,Vaini,TO,-21.2,-175.2,77.0,78,20,5.82,few clouds,0.0,0.0
35,Jamestown,US,42.1,-79.24,71.01,100,90,10.29,light rain,0.0,0.0
36,Puerto Ayora,EC,-0.74,-90.35,72.0,86,85,1.99,overcast clouds,0.0,0.0
37,Hobart,AU,-42.88,147.33,53.01,93,90,8.05,drizzle,0.0,0.0
38,Camacha,PT,33.08,-16.33,68.0,72,40,14.99,scattered clouds,0.0,0.0
39,Avarua,CK,-21.21,-159.78,80.6,74,40,10.29,scattered clouds,0.0,0.0
40,San Cristobal,VE,7.77,-72.22,86.0,62,40,6.93,shower rain,0.0,0.0
41,Qaanaaq,GL,77.48,-69.36,38.14,77,0,2.26,clear sky,0.0,0.0
42,Galveston,US,29.37,-94.97,86.0,74,20,18.34,few clouds,0.0,0.0
43,Chuy,UY,-33.7,-53.46,67.73,85,90,9.44,overcast clouds,0.0,0.0
44,Bilibino,RU,68.05,166.44,54.37,42,81,3.38,broken clouds,0.0,0.0
45,Te Anau,NZ,-45.42,167.72,42.93,87,39,0.83,scattered clouds,0.0,0.0
46,Torbay,CA,47.67,-52.73,75.2,73,40,19.46,scattered clouds,0.0,0.0
47,Kaputa,ZM,-8.47,29.66,66.92,59,0,2.3,clear sky,0.0,0.0
48,Hilo,US,19.73,-155.09,80.6,65,90,8.05,overcast clouds,0.0,0.0
49,Comodoro Rivadavia,AR,-45.87,-67.5,44.6,65,6,4.7,clear sky,0.0,0.0
50,Port Alfred,ZA,-33.59,26.89,57.99,60,0,7.02,clear sky,0.0,0.0
51,Albany,US,42.6,-73.97,88.0,53,27,1.99,light rain,0.48,0.0
52,Kruisfontein,ZA,-34.0,24.73,53.65,49,3,4.59,clear sky,0.0,0.0
53,Plastun,RU,44.76,136.29,56.19,93,100,3.15,overcast clouds,0.0,0.0
54,Vila Franca Do Campo,PT,37.72,-25.43,62.6,93,75,19.46,light intensity drizzle,0.0,0.0
55,Saint George,US,37.1,-113.58,105.8,9,1,11.41,clear sky,0.0,0.0
56,Kaitangata,NZ,-46.28,169.85,48.99,80,93,2.89,overcast clouds,0.0,0.0
57,Cape Town,ZA,-33.93,18.42,50.0,87,0,4.7,clear sky,0.0,0.0
58,Roebourne,AU,-20.78,117.13,67.5,44,0,6.02,clear sky,0.0,0.0
59,Chibombo,ZM,-14.66,28.07,55.38,74,44,4.81,scattered clouds,0.0,0.0
60,Coxim,BR,-18.51,-54.76,74.66,39,59,5.91,broken clouds,0.0,0.0
61,Iqaluit,CA,63.75,-68.51,42.8,93,90,13.87,overcast clouds,0.0,0.0
62,Taltal,CL,-25.4,-70.48,56.79,80,93,4.68,overcast clouds,0.0,0.0
63,Dingle,PH,11.0,122.67,78.35,83,71,3.6,broken clouds,0.0,0.0
64,Portree,GB,57.41,-6.19,57.99,84,100,18.99,overcast clouds,0.0,0.0
65,Rokytnice Nad Jizerou,CZ,50.73,15.43,55.99,74,0,4.74,clear sky,0.0,0.0
66,Kodiak,US,57.79,-152.41,51.8,81,90,13.87,overcast clouds,0.0,0.0
67,Isangel,VU,-19.55,169.27,78.8,88,75,7.85,broken clouds,0.0,0.0
68,Constitucion,CL,-35.33,-72.42,49.6,82,97,7.94,overcast clouds,0.0,0.0
69,Severo-Kurilsk,RU,50.68,156.12,48.27,81,40,9.48,scattered clouds,0.0,0.0
70,Victoria,HK,22.29,114.16,84.0,79,100,5.99,overcast clouds,0.0,0.0
71,Ust-Nera,RU,64.57,143.2,74.12,41,5,1.05,clear sky,0.0,0.0
72,Silopi,TR,37.25,42.47,77.0,20,0,10.29,clear sky,0.0,0.0
73,Nanortalik,GL,60.14,-45.24,42.08,76,43,6.06,scattered clouds,0.0,0.0
74,Husavik,IS,66.04,-17.34,51.8,81,75,16.11,light rain,0.0,0.0
75,Sakakah,SA,29.97,40.21,82.4,7,0,11.41,clear sky,0.0,0.0
76,Antsohihy,MG,-14.88,47.99,71.64,64,0,8.95,clear sky,0.0,0.0
77,Lavrentiya,RU,65.58,-171.0,40.44,70,100,9.57,overcast clouds,0.0,0.0
78,Provideniya,RU,64.38,-173.3,41.0,86,75,13.42,broken clouds,0.0,0.0
79,Lulea,SE,65.58,22.15,60.8,93,47,1.12,scattered clouds,0.0,0.0
80,Eyl,SO,7.98,49.82,81.14,70,0,22.1,clear sky,0.0,0.0
81,Bethel,US,41.37,-73.41,82.0,61,1,11.41,clear sky,0.0,0.0
82,Miranda,CO,3.25,-76.23,80.6,65,40,11.41,scattered clouds,0.0,0.0
83,Tommot,RU,58.96,126.29,64.31,61,12,1.52,few clouds,0.0,0.0
84,Szczytno,PL,53.56,20.99,58.24,91,99,7.7,overcast clouds,0.0,0.0
85,Sirsilla,IN,18.38,78.83,77.63,84,44,1.7,scattered clouds,0.0,0.0
86,Mahebourg,MU,-20.41,57.7,71.6,83,20,5.82,few clouds,0.0,0.0
87,Guhagar,IN,17.48,73.19,79.5,85,77,8.32,broken clouds,0.0,0.0
88,Nuuk,GL,64.18,-51.72,41.67,68,30,10.69,scattered clouds,0.0,0.0
89,Komsomolskiy,UZ,40.43,71.72,78.8,29,58,2.24,broken clouds,0.0,0.0
90,Vardo,NO,70.37,31.11,41.0,86,1,9.17,clear sky,0.0,0.0
91,Canutama,BR,-6.53,-64.38,81.7,65,43,1.66,scattered clouds,0.0,0.0
92,Mar Del Plata,AR,-38.0,-57.56,54.0,93,50,2.24,scattered clouds,0.0,0.0
93,Nikolskoye,RU,59.7,30.79,62.6,63,0,4.47,clear sky,0.0,0.0
94,Upernavik,GL,72.79,-56.15,34.99,88,0,10.69,clear sky,0.0,0.0
95,Opuwo,NA,-18.06,13.84,56.66,38,0,8.23,clear sky,0.0,0.0
96,Saldanha,ZA,-33.01,17.94,48.2,87,0,5.35,clear sky,0.0,0.0
97,Tongren,CN,27.72,109.19,72.12,91,87,0.6,light rain,0.75,0.0
98,Kenda,IN,23.2,86.53,80.62,83,99,7.72,overcast clouds,0.0,0.0
99,Narsaq,GL,60.92,-46.05,57.2,50,75,13.87,broken clouds,0.0,0.0
100,Odweyne,SO,9.41,45.06,77.74,54,86,13.91,overcast clouds,0.0,0.0
101,Chokurdakh,RU,70.63,147.92,71.4,26,55,8.41,broken clouds,0.0,0.0
102,Ilulissat,GL,69.22,-51.1,41.0,80,95,4.7,overcast clouds,0.0,0.0
103,Asheville,US,35.6,-82.55,77.0,77,93,1.01,light rain,0.69,0.0
104,Kapaa,US,22.08,-159.32,84.2,62,40,11.41,scattered clouds,0.0,0.0
105,Castro,BR,-24.79,-50.01,57.52,89,0,3.83,clear sky,0.0,0.0
106,Hobyo,SO,5.35,48.53,78.53,80,7,25.9,clear sky,0.0,0.0
107,Sorong,ID,-0.88,131.25,78.13,88,94,8.81,overcast clouds,0.0,0.0
108,Ambulu,ID,-8.35,113.61,72.95,88,100,3.09,overcast clouds,0.0,0.0
109,Skibbereen,IE,51.55,-9.27,55.4,100,75,9.17,light intensity drizzle,0.0,0.0
110,Vanimo,PG,-2.67,141.3,79.68,84,68,4.9,light rain,0.22,0.0
111,Oktyabrskoye,RU,43.06,44.74,66.2,93,0,4.47,clear sky,0.0,0.0
112,Paka,MY,4.64,103.44,75.2,94,97,2.24,light rain,0.18,0.0
113,Morant Bay,JM,17.88,-76.41,87.8,70,20,21.92,few clouds,0.0,0.0
114,Salekhard,RU,66.53,66.6,46.06,74,74,1.5,broken clouds,0.0,0.0
115,Codrington,AU,-38.27,141.97,48.33,96,19,6.55,few clouds,0.0,0.0
116,Vao,NC,-22.67,167.48,72.27,75,0,10.54,clear sky,0.0,0.0
117,Nome,US,64.5,-165.41,51.8,53,1,13.87,clear sky,0.0,0.0
118,Sitka,US,57.05,-135.33,57.2,67,75,4.7,broken clouds,0.0,0.0
119,Cayenne,GF,4.93,-52.33,78.8,88,100,6.93,light rain,0.46,0.0
120,Urumqi,CN,43.8,87.6,69.8,35,100,2.24,overcast clouds,0.0,0.0
121,Coihaique,CL,-45.58,-72.07,33.8,95,42,6.93,scattered clouds,0.0,0.0
122,Oranjemund,NA,-28.55,16.43,57.43,67,0,2.08,clear sky,0.0,0.0
123,Georgetown,MY,5.41,100.34,80.6,94,20,3.36,few clouds,0.0,0.0
124,Cardston,CA,49.2,-113.3,82.4,37,75,12.75,broken clouds,0.0,0.0
125,Lebu,CL,-37.62,-73.65,47.98,73,51,8.28,broken clouds,0.0,0.0
126,Mehamn,NO,71.04,27.85,44.6,75,20,6.93,few clouds,0.0,0.0
127,Nador,MA,35.17,-2.93,73.4,73,65,3.36,broken clouds,0.0,0.0
128,Xichang,CN,27.9,102.26,65.98,82,100,6.17,heavy intensity rain,4.09,0.0
129,Alofi,NU,-19.06,-169.92,80.6,74,20,6.93,few clouds,0.0,0.0
130,Mackenzie,CA,55.3,-123.17,64.4,45,20,11.41,few clouds,0.0,0.0
131,Port Elizabeth,ZA,-33.92,25.57,48.2,81,0,4.7,clear sky,0.0,0.0
132,Adrar,MR,20.5,-10.07,101.48,12,48,6.42,scattered clouds,0.0,0.0
133,Coffeyville,US,37.04,-95.62,84.2,28,1,17.22,clear sky,0.0,0.0
134,Rimouski,CA,48.45,-68.52,77.0,65,75,3.36,broken clouds,0.0,0.0
135,Sinnamary,GF,5.38,-52.95,77.4,90,100,7.94,light rain,0.74,0.0
136,Souillac,MU,-20.52,57.52,71.6,83,20,5.82,few clouds,0.0,0.0
137,Amalapuram,IN,16.58,82.02,82.42,80,6,3.06,clear sky,0.0,0.0
138,Barrow,US,71.29,-156.79,35.6,80,90,8.05,overcast clouds,0.0,0.0
139,Ribeira Grande,PT,38.52,-28.7,61.32,71,9,17.67,clear sky,0.0,0.0
140,Zyryanka,RU,65.75,150.85,75.33,20,0,4.34,clear sky,0.0,0.0
141,Bonavista,CA,48.65,-53.11,63.91,83,66,17.34,broken clouds,0.0,0.0
142,Hofn,IS,64.25,-15.21,50.22,94,100,17.83,moderate rain,1.98,0.0
143,Geraldton,AU,-28.77,114.6,57.2,93,90,8.05,overcast clouds,0.0,0.0
144,Aromashevo,RU,56.86,68.64,50.34,78,44,5.46,scattered clouds,0.0,0.0
145,Tuktoyaktuk,CA,69.45,-133.04,37.4,93,90,16.11,overcast clouds,0.0,0.0
146,Rocha,UY,-34.48,-54.33,66.29,96,98,4.34,moderate rain,1.59,0.0
147,Sao Felix Do Xingu,BR,-6.64,-51.99,75.7,65,0,2.89,clear sky,0.0,0.0
148,Kamenka,RU,51.32,42.77,64.0,61,58,8.63,light rain,0.16,0.0
149,Margate,GB,51.38,1.39,64.0,56,100,11.68,overcast clouds,0.0,0.0
150,Upington,ZA,-28.45,21.26,51.8,34,0,6.93,clear sky,0.0,0.0
151,Beroroha,MG,-21.67,45.17,69.89,71,20,3.58,few clouds,0.0,0.0
152,Kununurra,AU,-15.77,128.73,53.6,36,0,2.24,clear sky,0.0,0.0
153,Juneau,US,58.3,-134.42,57.2,71,90,8.05,light rain,0.25,0.0
154,Itarema,BR,-2.92,-39.92,76.98,71,64,14.12,light rain,0.22,0.0
155,Semey,KZ,50.41,80.23,65.95,56,92,6.53,overcast clouds,0.0,0.0
156,Arraial Do Cabo,BR,-22.97,-42.03,71.6,64,100,4.7,overcast clouds,0.0,0.0
157,Airai,TL,-8.93,125.41,56.03,100,47,3.71,scattered clouds,0.0,0.0
158,Aranjuez,ES,40.03,-3.6,84.99,28,5,4.7,clear sky,0.0,0.0
159,Haines Junction,CA,60.75,-137.51,56.32,42,75,10.67,broken clouds,0.0,0.0
160,Hambantota,LK,6.12,81.12,77.0,94,100,3.36,overcast clouds,0.0,0.0
161,Dwarahat,IN,29.78,79.43,66.99,90,29,1.07,light rain,0.4,0.0
162,Harper,LR,4.38,-7.72,77.07,80,83,8.81,broken clouds,0.0,0.0
163,Yaan,NG,7.38,8.57,77.04,83,98,4.03,overcast clouds,0.0,0.0
164,Vestmannaeyjar,IS,63.44,-20.27,50.02,93,100,22.97,light rain,0.66,0.0
165,Katsuura,JP,35.13,140.3,73.0,94,75,5.82,mist,0.0,0.0
166,Aloja,LV,57.77,24.88,61.0,79,8,4.16,clear sky,0.0,0.0
167,Kieta,PG,-6.22,155.63,82.94,71,33,6.02,scattered clouds,0.0,0.0
168,Khatanga,RU,71.97,102.5,68.94,55,33,7.99,light rain,0.21,0.0
169,Tromso,NO,69.65,18.96,53.6,81,69,12.75,broken clouds,0.0,0.0
170,Balikpapan,ID,-1.27,116.83,76.71,88,87,8.7,light rain,0.32,0.0
171,Tazovskiy,RU,67.47,78.7,45.45,84,90,8.23,light rain,0.22,0.0
172,Dangara,IN,29.68,75.89,91.67,48,0,6.91,clear sky,0.0,0.0
173,Kenai,US,60.55,-151.26,55.99,66,90,12.75,shower rain,0.0,0.0
174,Buncrana,IE,55.13,-7.45,56.14,95,100,7.45,moderate rain,1.52,0.0
175,Vitim,RU,59.45,112.56,58.32,79,68,1.03,broken clouds,0.0,0.0
176,Badarpur,IN,24.9,92.6,77.79,92,74,1.05,light rain,0.43,0.0
177,Saint-Philippe,RE,-21.36,55.77,66.2,77,20,8.05,few clouds,0.0,0.0
178,Shingu,JP,33.73,135.98,71.94,79,67,3.6,broken clouds,0.0,0.0
179,Kutum,SD,14.2,24.67,77.63,17,45,5.12,scattered clouds,0.0,0.0
180,Tiksi,RU,71.69,128.87,56.89,61,1,6.06,clear sky,0.0,0.0
181,Sitio Novo Do Tocantins,BR,-5.52,-47.46,76.93,71,0,0.98,clear sky,0.0,0.0
182,Batagay-Alyta,RU,67.8,130.41,74.86,40,6,4.34,clear sky,0.0,0.0
183,Goderich,CA,43.75,-81.72,73.99,83,62,17.6,broken clouds,0.0,0.0
184,Vostok,RU,46.49,135.88,53.24,100,100,3.56,moderate rain,1.26,0.0
185,Hasaki,JP,35.73,140.83,68.0,94,75,10.29,broken clouds,0.0,0.0
186,Sungaipenuh,ID,-2.08,101.38,64.27,93,98,1.5,light rain,0.34,0.0
187,Rincon,US,32.3,-81.24,87.8,74,40,9.17,scattered clouds,0.0,0.0
188,Guarapari,BR,-20.67,-40.5,70.0,82,100,4.7,overcast clouds,0.0,0.0
189,Surgut,RU,61.25,73.42,46.4,100,26,5.48,scattered clouds,0.0,0.0
190,Sovetskaya,RU,44.78,41.17,69.01,5,0,8.01,light rain,0.11,0.0
191,Glubczyce,PL,50.2,17.83,57.99,82,69,7.67,broken clouds,0.0,0.0
192,Mount Gambier,AU,-37.83,140.77,50.0,100,90,6.93,overcast clouds,0.0,0.0
193,Esperance,AU,-33.87,121.9,50.0,87,0,14.99,clear sky,0.0,0.0
194,Kirkwood,US,38.58,-90.41,82.99,42,75,11.41,broken clouds,0.0,0.0
195,Diamantino,BR,-14.41,-56.45,75.85,47,17,4.23,few clouds,0.0,0.0
196,Tabriz,IR,38.08,46.29,73.4,35,0,9.17,clear sky,0.0,0.0
197,Murray Bridge,AU,-35.12,139.27,48.99,98,8,3.94,clear sky,0.0,0.0
198,Hithadhoo,MV,-0.6,73.08,83.73,76,100,12.01,overcast clouds,0.0,0.0
199,Praia,CV,14.92,-23.51,77.0,78,20,23.04,few clouds,0.0,0.0
200,East London,ZA,-33.02,27.91,67.71,29,0,6.64,clear sky,0.0,0.0
201,Leningradskiy,RU,69.38,178.42,33.08,92,99,13.27,overcast clouds,0.0,0.0
202,Tasiilaq,GL,65.61,-37.64,46.4,75,100,10.29,light rain,0.2,0.0
203,San Juan,AR,-31.54,-68.54,52.88,50,14,8.63,few clouds,0.0,0.0
204,Saskylakh,RU,71.92,114.08,79.65,34,37,10.67,scattered clouds,0.0,0.0
205,Cam Ranh,VN,11.92,109.16,84.2,70,40,5.61,scattered clouds,0.0,0.0
206,Thompson,CA,55.74,-97.86,80.6,32,40,6.93,scattered clouds,0.0,0.0
207,Srednekolymsk,RU,67.45,153.68,61.32,32,55,11.07,broken clouds,0.0,0.0
208,Inskoy,RU,54.43,86.44,57.74,88,100,0.83,overcast clouds,0.0,0.0
209,Kalbay,PH,5.72,125.5,80.19,69,100,5.17,overcast clouds,0.0,0.0
210,Dakar,SN,14.69,-17.44,82.4,83,5,9.17,clear sky,0.0,0.0
211,Conceicao Da Barra,BR,-18.59,-39.73,68.38,67,26,3.31,scattered clouds,0.0,0.0
212,Garden City,US,42.33,-83.33,71.6,64,75,19.46,broken clouds,0.0,0.0
213,Ulaangom,MN,49.98,92.07,53.53,44,0,0.69,clear sky,0.0,0.0
214,Amahai,ID,-3.33,128.92,82.0,96,40,1.99,light rain,0.36,0.0
215,Arrecife,ES,28.96,-13.55,73.4,64,75,19.46,broken clouds,0.0,0.0
216,Champerico,GT,14.3,-91.92,84.2,79,75,9.17,broken clouds,0.0,0.0
217,Santa Cruz,BO,-17.8,-63.17,80.6,78,40,23.04,scattered clouds,0.0,0.0
218,Buala,SB,-8.14,159.59,83.62,66,22,5.86,few clouds,0.0,0.0
219,Pemba,MZ,-12.97,40.52,75.2,88,40,12.75,scattered clouds,0.0,0.0
220,Victor Harbor,AU,-35.57,138.62,48.0,95,76,5.46,broken clouds,0.0,0.0
221,Yulara,AU,-25.24,130.99,32.0,83,0,5.82,clear sky,0.0,0.0
222,Broome,US,42.25,-75.83,80.01,54,75,9.17,broken clouds,0.0,0.0
223,Inhambane,MZ,-23.86,35.38,65.64,72,9,6.35,clear sky,0.0,0.0
224,Madang,PG,-5.22,145.8,79.16,86,10,3.67,moderate rain,1.51,0.0
225,Astaneh-Ye Ashrafiyeh,IR,37.26,49.94,74.5,47,0,3.44,clear sky,0.0,0.0
226,Omsukchan,RU,62.53,155.8,72.09,35,1,4.29,clear sky,0.0,0.0
227,Lagoa,PT,39.05,-27.98,61.03,70,13,15.66,few clouds,0.0,0.0
228,Alta Floresta,BR,-9.88,-56.09,75.31,62,72,4.41,broken clouds,0.0,0.0
229,Moree,AU,-29.47,149.85,44.6,93,90,4.59,overcast clouds,0.0,0.0
230,Viedma,AR,-40.81,-63.0,48.27,49,0,9.95,clear sky,0.0,0.0
231,Norman Wells,CA,65.28,-126.83,51.8,81,90,13.87,overcast clouds,0.0,0.0
232,Ust-Omchug,RU,61.15,149.63,68.67,49,47,3.31,scattered clouds,0.0,0.0
233,Faanui,PF,-16.48,-151.75,78.82,80,100,17.07,overcast clouds,0.0,0.0
234,Byron Bay,AU,-28.65,153.62,51.01,76,0,8.05,clear sky,0.0,0.0
235,Voskresenskoye,RU,56.84,45.43,54.45,86,67,6.53,broken clouds,0.0,0.0
236,Pevek,RU,69.7,170.31,32.72,95,100,10.16,overcast clouds,0.0,0.0
237,Howell,US,42.61,-83.93,68.0,64,90,14.99,overcast clouds,0.0,0.0
238,Cockburn Town,TC,21.46,-71.14,86.0,70,40,11.41,scattered clouds,0.0,0.0
239,San Rafael,AR,-34.62,-68.33,46.85,72,97,1.77,overcast clouds,0.0,0.0
240,Paso De Carrasco,UY,-34.86,-56.05,55.4,100,90,11.41,overcast clouds,0.0,0.0
241,Selma,US,36.57,-119.61,102.2,25,1,7.78,clear sky,0.0,0.0
242,Tangier,MA,35.78,-5.81,69.8,88,0,2.24,clear sky,0.0,0.0
243,Manjo,CM,4.84,9.82,70.83,95,98,1.03,light rain,0.35,0.0
244,Limoux,FR,42.92,2.17,71.6,64,0,9.17,clear sky,0.0,0.0
245,Narasannapeta,IN,18.42,84.05,82.69,84,0,3.89,light rain,0.11,0.0
246,Lexington,US,37.99,-84.48,80.01,57,40,12.75,scattered clouds,0.0,0.0
247,Artesia,US,33.87,-118.08,82.99,64,1,9.17,clear sky,0.0,0.0
248,San Patricio,MX,19.22,-104.7,89.6,70,40,11.41,scattered clouds,0.0,0.0
249,Grindavik,IS,63.84,-22.43,50.0,93,75,9.17,light rain,0.0,0.0
250,Boone,US,39.03,-92.33,78.01,38,2,11.01,clear sky,0.0,0.0
251,Mercedes,AR,-34.65,-59.43,55.0,78,100,1.99,overcast clouds,0.0,0.0
252,Kananga,CD,-5.9,22.42,70.43,46,0,2.53,clear sky,0.0,0.0
253,Poronaysk,RU,49.22,143.12,47.26,94,100,4.29,overcast clouds,0.0,0.0
254,Caborca,MX,30.58,-111.1,102.99,27,0,1.01,clear sky,0.0,0.0
255,Andros Town,BS,24.7,-77.77,87.8,70,40,9.17,scattered clouds,0.0,0.0
256,North Battleford,CA,52.78,-108.28,84.0,42,20,10.29,few clouds,0.0,0.0
257,Karoi,ZW,-16.81,29.69,55.74,59,47,3.24,scattered clouds,0.0,0.0
258,Havoysund,NO,71.0,24.66,51.8,87,84,9.17,broken clouds,0.0,0.0
259,Karatsu,JP,33.44,129.97,78.01,63,76,1.01,broken clouds,0.0,0.0
260,Gabu,GW,12.28,-14.22,80.85,81,66,7.49,moderate rain,1.27,0.0
261,Bintulu,MY,3.17,113.03,77.0,94,20,2.24,few clouds,0.0,0.0
262,Poykovskiy,RU,61.23,73.33,46.4,100,28,5.28,scattered clouds,0.0,0.0
263,Yiyang,CN,28.59,112.33,72.01,95,83,0.45,broken clouds,0.0,0.0
264,Kibala,TD,9.11,18.35,86.0,70,45,5.93,scattered clouds,0.0,0.0
265,Belaya Gora,RU,68.53,146.42,74.89,28,52,4.5,broken clouds,0.0,0.0
266,Labuhan,ID,-6.88,112.21,76.28,87,36,6.93,scattered clouds,0.0,0.0
267,Lazaro Cardenas,MX,17.96,-102.2,87.55,60,20,9.37,few clouds,0.0,0.0
268,Mingshui,CN,36.72,117.5,65.93,92,52,5.91,broken clouds,0.0,0.0
269,Dicabisagan,PH,17.08,122.42,80.56,83,64,7.31,broken clouds,0.0,0.0
270,Fort Nelson,CA,58.81,-122.7,71.6,33,75,8.05,light intensity shower rain,0.0,0.0
271,Sawtell,AU,-30.38,153.1,46.4,81,0,4.41,clear sky,0.0,0.0
272,Mayskiy,RU,47.69,40.1,68.0,72,24,2.24,light rain,0.25,0.0
273,Pietrosani,RO,45.18,24.85,58.3,86,18,4.52,few clouds,0.0,0.0
274,Pringsewu,ID,-5.36,104.97,71.1,91,81,2.66,broken clouds,0.0,0.0
275,Hamilton,US,39.18,-84.53,79.0,47,40,10.29,scattered clouds,0.0,0.0
276,Fairlie,GB,55.76,-4.86,61.0,89,100,3.0,light rain,0.28,0.0
277,Temyasovo,RU,52.99,58.1,57.2,50,94,4.47,overcast clouds,0.0,0.0
278,Lafiagi,NG,8.87,5.42,76.03,84,26,2.06,scattered clouds,0.0,0.0
279,Tirano,IT,46.22,10.17,73.99,93,0,3.36,clear sky,0.0,0.0
280,Borgarnes,IS,64.54,-21.92,51.8,71,90,13.87,shower rain,0.0,0.0
281,Taunggyi,MM,20.78,97.03,63.03,100,100,2.57,overcast clouds,0.0,0.0
282,Biak,ID,-0.91,122.88,76.19,88,100,9.42,moderate rain,3.21,0.0
283,Yumen,CN,40.28,97.2,60.4,29,1,5.32,clear sky,0.0,0.0
284,Quatre Cocos,MU,-20.21,57.76,71.6,83,20,5.82,few clouds,0.0,0.0
285,Kaukauna,US,44.28,-88.27,69.8,46,75,13.87,broken clouds,0.0,0.0
286,Carnarvon,AU,-24.87,113.63,55.4,93,0,9.17,clear sky,0.0,0.0
287,Severnyy-Kospashskiy,RU,59.09,57.8,50.0,100,100,3.85,light rain,0.2,0.0
288,Toumodi,CI,6.56,-5.02,75.2,100,75,6.93,broken clouds,0.0,0.0
289,Los Llanos De Aridane,ES,28.66,-17.92,75.2,60,75,13.87,broken clouds,0.0,0.0
290,Farah,AF,32.5,62.5,75.13,25,0,5.37,clear sky,0.0,0.0
291,Necochea,AR,-38.55,-58.74,48.0,96,76,7.0,broken clouds,0.0,0.0
292,Saint-Pierre,RE,-21.34,55.48,66.2,77,20,8.05,few clouds,0.0,0.0
293,Nadudvar,HU,47.42,21.17,68.0,64,61,10.29,broken clouds,0.0,0.0
294,Broken Hill,AU,-31.95,141.43,44.6,93,0,5.66,clear sky,0.0,0.0
295,Manokwari,ID,-0.87,134.08,80.42,73,31,4.25,scattered clouds,0.0,0.0
296,Tilichiki,RU,60.47,166.1,64.69,44,0,5.32,clear sky,0.0,0.0
297,Tomatlan,MX,19.93,-105.25,93.99,42,7,16.82,light rain,0.11,0.0
298,Ahuimanu,US,21.44,-157.84,84.2,61,75,16.11,broken clouds,0.0,0.0
299,Sabinopolis,BR,-18.67,-43.08,57.29,83,89,3.47,overcast clouds,0.0,0.0
300,Fez,MA,34.04,-5.0,75.2,64,40,11.41,scattered clouds,0.0,0.0
301,Brigantine,US,39.41,-74.36,84.2,62,1,9.17,clear sky,0.0,0.0
302,Tura,IN,25.52,90.22,74.71,98,61,4.36,light rain,0.78,0.0
303,Pangoa,PE,-12.12,-73.0,75.2,82,39,2.17,light rain,0.41,0.0
304,Sunnyside,US,46.32,-120.01,93.99,28,100,6.53,overcast clouds,0.0,0.0
305,Cabo San Lucas,MX,22.89,-109.91,90.0,31,5,18.34,clear sky,0.0,0.0
306,Samarai,PG,-10.62,150.67,79.7,86,68,16.13,moderate rain,1.82,0.0
307,Great Yarmouth,GB,52.61,1.73,62.01,84,13,9.66,few clouds,0.0,0.0
308,Cherskiy,RU,68.75,161.3,52.61,44,57,9.28,broken clouds,0.0,0.0
309,Nantucket,US,41.28,-70.1,70.0,88,90,8.05,overcast clouds,0.0,0.0
310,Kavieng,PG,-2.57,150.8,84.2,75,30,9.1,scattered clouds,0.0,0.0
311,Toora-Khem,RU,52.47,96.11,49.15,85,18,1.36,few clouds,0.0,0.0
312,Goose Creek,US,32.98,-80.03,84.0,78,75,12.75,broken clouds,0.0,0.0
313,Xinqing,CN,48.23,129.5,56.66,95,99,5.93,overcast clouds,0.0,0.0
314,Hirapur,IN,21.53,79.77,76.89,85,80,3.4,broken clouds,0.0,0.0
315,Tocache,PE,-8.18,-76.51,83.98,58,15,0.4,few clouds,0.0,0.0
316,Jizan,SA,17.33,42.67,93.2,67,100,3.36,overcast clouds,0.0,0.0
317,Namibe,AO,-15.2,12.15,69.75,74,0,8.99,clear sky,0.0,0.0
318,Le Port,RE,-20.94,55.29,69.8,68,8,11.41,clear sky,0.0,0.0
319,Clonakilty,IE,51.62,-8.87,57.0,100,75,9.17,light intensity drizzle,0.0,0.0
320,Waipawa,NZ,-41.41,175.52,48.99,85,5,1.7,clear sky,0.0,0.0
321,Terra Rica,BR,-22.71,-52.62,66.88,63,0,8.9,clear sky,0.0,0.0
322,Nouadhibou,MR,20.93,-17.03,69.8,77,0,18.34,sand,0.0,0.0
323,Tuatapere,NZ,-46.13,167.68,39.0,83,71,3.0,broken clouds,0.0,0.0
324,Barra Do Garcas,BR,-15.89,-52.26,70.45,52,10,1.36,clear sky,0.0,0.0
325,High Prairie,CA,55.43,-116.49,69.67,50,44,11.83,scattered clouds,0.0,0.0
326,General Pico,AR,-35.66,-63.76,51.44,53,100,7.25,overcast clouds,0.0,0.0
327,Santa Adelia,BR,-21.24,-48.8,65.01,55,100,4.88,overcast clouds,0.0,0.0
328,Campbell River,CA,50.02,-125.24,62.6,88,90,6.93,light rain,0.0,0.0
329,Baihar,IN,22.1,80.55,73.29,95,57,2.01,broken clouds,0.0,0.0
330,Lorengau,PG,-2.02,147.27,82.83,77,93,6.96,moderate rain,1.85,0.0
331,Maracacume,BR,-2.04,-45.96,75.63,92,65,2.71,broken clouds,0.0,0.0
332,Arman,RU,59.7,150.17,53.13,74,8,4.23,clear sky,0.0,0.0
333,Takoradi,GH,4.88,-1.76,77.65,87,100,7.85,light rain,0.27,0.0
334,Shetpe,KZ,44.17,52.12,74.89,29,0,5.77,clear sky,0.0,0.0
335,Mao,ES,39.89,4.27,71.6,78,0,6.93,clear sky,0.0,0.0
336,Itaituba,BR,-4.28,-55.98,91.4,49,20,5.82,few clouds,0.0,0.0
337,Nyrob,RU,60.73,56.72,43.27,96,98,5.57,overcast clouds,0.0,0.0
338,Acari,PE,-15.43,-74.62,69.71,53,4,5.66,clear sky,0.0,0.0
339,Aklavik,CA,68.22,-135.01,42.8,81,90,8.05,overcast clouds,0.0,0.0
340,Namestovo,SK,49.41,19.48,55.0,91,9,2.84,clear sky,0.0,0.0
341,North Bend,US,43.41,-124.22,80.01,77,1,23.04,clear sky,0.0,0.0
342,Tazmalt,DZ,36.39,4.4,68.0,82,0,4.7,clear sky,0.0,0.0
343,Portland,US,45.52,-122.68,91.99,27,40,8.05,scattered clouds,0.0,0.0
344,Namatanai,PG,-3.67,152.43,82.96,72,2,6.22,clear sky,0.0,0.0
345,Kota Belud,MY,6.35,116.43,78.01,94,20,2.24,thunderstorm,0.0,0.0
346,Idil,TR,37.34,41.89,77.0,20,0,10.29,clear sky,0.0,0.0
347,Titlagarh,IN,20.3,83.15,81.21,72,12,2.64,few clouds,0.0,0.0
348,Polyarnyy,RU,69.2,33.45,37.4,93,42,2.24,scattered clouds,0.0,0.0
349,Las Palmas,ES,28.42,-14.01,71.6,73,20,19.46,few clouds,0.0,0.0
350,Ancud,CL,-41.87,-73.82,42.01,100,65,4.7,light rain,0.39,0.0
351,Soto La Marina,MX,23.77,-98.22,91.0,70,2,13.0,clear sky,0.0,0.0
352,Atasu,KZ,48.68,71.64,58.08,72,75,15.88,broken clouds,0.0,0.0
353,Caravelas,BR,-17.71,-39.25,68.72,62,0,2.71,clear sky,0.0,0.0
354,Inongo,CD,-1.95,18.27,71.02,65,81,1.16,broken clouds,0.0,0.0
355,Lewiston,US,44.1,-70.21,72.0,83,1,10.29,clear sky,0.0,0.0
356,Berlevag,NO,70.86,29.09,44.6,75,0,6.93,clear sky,0.0,0.0
357,Kachug,RU,53.96,105.88,62.6,61,92,1.57,overcast clouds,0.0,0.0
358,Kaoma,ZM,-14.78,24.8,53.53,54,0,6.82,clear sky,0.0,0.0
359,Kahului,US,20.89,-156.47,91.4,38,40,24.16,scattered clouds,0.0,0.0
360,Luderitz,NA,-26.65,15.16,64.4,44,0,1.12,clear sky,0.0,0.0
361,Miedzyrzecz,PL,52.44,15.58,57.0,81,0,5.37,clear sky,0.0,0.0
362,Maksi,IN,23.27,76.15,78.12,81,100,8.63,overcast clouds,0.0,0.0
363,Teguise,ES,29.06,-13.56,73.4,69,75,17.22,broken clouds,0.0,0.0
364,Miguelopolis,BR,-20.18,-48.03,69.8,40,100,1.95,overcast clouds,0.0,0.0
365,Antalaha,MG,-14.9,50.28,71.01,81,47,7.56,light rain,0.12,0.0
366,Kourou,GF,5.16,-52.65,78.8,88,100,6.93,light rain,0.28,0.0
367,Maine-Soroa,NE,13.21,12.02,90.12,20,0,6.17,clear sky,0.0,0.0
368,Chute-Aux-Outardes,CA,49.12,-68.4,66.2,77,1,4.7,clear sky,0.0,0.0
369,Matagami,CA,49.75,-77.63,66.2,93,90,5.82,light rain,0.0,0.0
370,Puerto Baquerizo Moreno,EC,-0.9,-89.6,77.0,73,40,12.75,scattered clouds,0.0,0.0
371,Sabang,ID,5.89,95.32,82.42,73,98,5.08,overcast clouds,0.0,0.0
372,Puerto Carreno,CO,6.19,-67.49,87.8,58,40,8.05,scattered clouds,0.0,0.0
373,Bandarbeyla,SO,9.49,50.81,79.77,77,8,24.7,clear sky,0.0,0.0
374,Salalah,OM,17.02,54.09,82.4,94,20,3.36,few clouds,0.0,0.0
375,Luziania,BR,-16.25,-47.95,73.4,53,2,2.24,clear sky,0.0,0.0
376,Kawalu,ID,-7.38,108.21,71.91,92,96,2.33,light rain,0.47,0.0
377,Avera,US,33.19,-82.53,82.4,74,40,9.17,thunderstorm,0.0,0.0
378,Beyla,GN,8.68,-8.63,70.68,88,78,2.62,light rain,0.2,0.0
379,Lugo,ES,43.0,-7.5,64.0,92,0,1.99,clear sky,0.0,0.0
380,Wagga Wagga,AU,-35.12,147.37,44.6,100,90,5.82,overcast clouds,0.0,0.0
381,Hami,CN,42.8,93.45,72.91,19,7,13.11,clear sky,0.0,0.0
382,Maningrida,AU,-12.07,134.27,64.47,88,2,9.51,clear sky,0.0,0.0
383,Kathu,TH,7.92,98.33,77.0,94,20,1.12,few clouds,0.0,0.0
384,Aykhal,RU,66.0,111.5,68.0,45,12,6.71,few clouds,0.0,0.0
385,San Lawrenz,MT,36.06,14.2,72.0,83,0,8.05,clear sky,0.0,0.0
386,Sao Gabriel Da Cachoeira,BR,-0.13,-67.09,78.8,88,40,3.36,scattered clouds,0.0,0.0
387,Naze,JP,28.37,129.48,80.6,83,20,8.05,few clouds,0.0,0.0
388,Ozinki,RU,51.18,49.68,60.33,58,53,5.61,broken clouds,0.0,0.0
389,Palmer,US,42.16,-72.33,84.99,64,96,8.99,light rain,0.32,0.0
390,Orocue,CO,4.79,-71.34,80.87,85,95,5.84,moderate rain,3.06,0.0
391,Charlestown,AU,-32.95,151.67,52.0,71,20,25.28,few clouds,0.0,0.0
392,Constantine,DZ,36.37,6.61,69.8,49,0,4.7,clear sky,0.0,0.0
393,Mama,RU,58.31,112.9,62.19,64,3,0.43,clear sky,0.0,0.0
394,Mnogovershinnyy,RU,53.94,139.92,49.1,83,19,4.36,few clouds,0.0,0.0
395,Deputatskiy,RU,69.3,139.9,73.72,48,0,3.76,clear sky,0.0,0.0
396,Burriana,ES,39.89,-0.09,72.0,71,0,3.15,clear sky,0.0,0.0
397,Khandyga,RU,62.67,135.6,68.32,63,37,4.41,scattered clouds,0.0,0.0
398,Lapithos,CY,35.34,33.18,69.8,77,20,13.87,few clouds,0.0,0.0
399,Atar,MR,20.52,-13.05,100.49,12,2,11.25,clear sky,0.0,0.0
400,Dwarka,IN,22.24,68.97,85.8,80,99,11.25,overcast clouds,0.0,0.0
401,Gashua,NG,12.87,11.05,94.59,23,33,5.5,scattered clouds,0.0,0.0
402,Bengkulu,ID,-3.8,102.27,74.53,90,100,3.98,light rain,0.83,0.0
403,Angouleme,FR,45.65,0.15,73.4,60,0,9.17,clear sky,0.0,0.0
404,Fonte Boa,BR,-2.5,-66.27,78.39,93,94,1.21,overcast clouds,0.0,0.0
405,Kirakira,SB,-10.45,161.92,82.85,74,90,3.2,light rain,0.34,0.0
406,Yuxia,CN,34.06,108.63,75.0,93,0,5.61,clear sky,0.0,0.0
407,Aksu,CN,41.12,80.26,79.52,24,100,4.68,overcast clouds,0.0,0.0
408,Bereslavka,RU,48.63,44.04,73.4,35,28,13.42,light rain,0.17,0.0
409,Kaura Namoda,NG,12.59,6.58,85.84,53,62,17.81,broken clouds,0.0,0.0
410,King City,US,36.21,-121.13,96.01,20,89,4.0,overcast clouds,0.0,0.0
411,Middelkerke,BE,51.16,2.84,66.2,63,58,9.17,broken clouds,0.0,0.0
412,Bilma,NE,18.69,12.92,87.6,12,0,4.34,clear sky,0.0,0.0
413,Ust-Kulom,RU,61.69,53.69,39.11,78,74,5.14,broken clouds,0.0,0.0
414,Eugene,US,44.05,-123.09,89.6,40,75,14.99,broken clouds,0.0,0.0
415,Mitu,CO,1.2,-70.17,78.53,91,78,1.54,light rain,0.18,0.0
416,Urengoy,RU,65.97,78.37,46.44,88,45,2.64,scattered clouds,0.0,0.0
417,Kerema,PG,-7.96,145.78,78.31,87,64,5.44,light rain,0.14,0.0
418,Hagere Hiywet,ET,8.98,37.85,58.8,82,83,1.34,broken clouds,0.0,0.0
419,Saravan,AM,39.72,45.65,78.8,29,40,9.17,scattered clouds,0.0,0.0
420,Okhotsk,RU,59.38,143.3,46.78,86,97,5.59,overcast clouds,0.0,0.0
421,Monrovia,LR,6.3,-10.8,77.0,94,40,9.28,scattered clouds,0.0,0.0
422,Parati,BR,-23.22,-44.71,60.8,67,40,2.24,scattered clouds,0.0,0.0
423,Arlit,NE,18.74,7.39,96.76,9,59,8.9,broken clouds,0.0,0.0
424,Kyshtovka,RU,56.55,76.63,51.98,91,100,4.27,overcast clouds,0.0,0.0
425,Yadgir,IN,16.77,77.13,79.11,74,97,5.99,overcast clouds,0.0,0.0
426,Finschhafen,PG,-6.6,147.87,80.44,76,2,8.28,light rain,0.49,0.0
427,Sepuka,TZ,-4.75,34.53,63.1,74,5,9.91,clear sky,0.0,0.0
428,Palana,RU,59.12,159.97,50.7,74,11,7.16,few clouds,0.0,0.0
429,Khelyulya,RU,61.73,30.68,61.63,71,35,3.22,scattered clouds,0.0,0.0
430,Huilong,CN,31.81,121.66,77.0,97,99,9.28,light rain,0.29,0.0
431,Vila Velha,BR,-20.33,-40.29,70.0,77,92,3.36,overcast clouds,0.0,0.0
432,Areia Branca,BR,-4.96,-37.14,81.72,62,100,12.3,overcast clouds,0.0,0.0
433,Coquimbo,CL,-29.95,-71.34,55.4,100,90,5.82,light intensity drizzle,0.0,0.0
434,Haljala,EE,59.43,26.26,53.71,73,0,3.42,clear sky,0.0,0.0
435,Manzil Salim,TN,35.86,8.48,73.4,33,20,6.93,few clouds,0.0,0.0
436,Chibuto,MZ,-24.69,33.53,59.45,88,0,3.67,clear sky,0.0,0.0
437,Kurilsk,RU,45.23,147.88,51.31,85,55,5.44,broken clouds,0.0,0.0
438,Bayir,TR,37.27,28.22,68.0,82,20,3.36,few clouds,0.0,0.0
439,Yeppoon,AU,-23.13,150.73,44.6,93,0,5.32,clear sky,0.0,0.0
440,Kushima,JP,31.46,131.23,71.6,83,20,4.7,few clouds,0.0,0.0
441,Bambous Virieux,MU,-20.34,57.76,71.6,83,20,5.82,few clouds,0.0,0.0
442,Batemans Bay,AU,-35.72,150.18,60.01,85,84,1.99,broken clouds,0.0,0.0
443,Pemberton,CA,50.32,-122.8,71.6,56,90,3.36,overcast clouds,0.0,0.0
444,Matara,LK,5.95,80.54,78.8,89,100,8.77,overcast clouds,0.0,0.0
445,Porbandar,IN,21.64,69.61,84.79,81,70,9.35,broken clouds,0.0,0.0
446,Porto Novo,BJ,6.5,2.6,80.6,83,40,10.29,scattered clouds,0.0,0.0
447,Whitehorse,CA,60.72,-135.05,62.01,30,75,4.7,broken clouds,0.0,0.0
448,Carndonagh,IE,55.25,-7.27,55.96,94,100,7.67,moderate rain,1.59,0.0
449,Port-Cartier,CA,50.03,-66.87,63.0,88,75,5.82,light intensity shower rain,0.0,0.0
450,Bacolod,PH,10.67,122.95,79.14,80,89,3.04,overcast clouds,0.0,0.0
451,Langfang,CN,39.51,116.69,75.0,69,95,3.33,overcast clouds,0.0,0.0
452,Ranau,MY,5.95,116.66,78.01,94,20,2.24,thunderstorm,0.0,0.0
453,Escanaba,US,45.75,-87.06,63.0,79,59,3.0,broken clouds,0.0,0.0
454,Matamoros,MX,25.53,-103.25,100.4,10,20,9.17,few clouds,0.0,0.0
455,Saiha,IN,22.48,92.97,71.19,93,100,1.45,overcast clouds,0.0,0.0
456,Baruun-Urt,MN,46.68,113.28,57.78,82,92,21.68,overcast clouds,0.0,0.0
457,Ferrol,ES,43.48,-8.24,64.0,93,90,3.36,overcast clouds,0.0,0.0
458,Guerrero Negro,MX,27.98,-114.06,74.46,55,3,18.52,clear sky,0.0,0.0
459,Kant,IN,27.8,79.8,88.34,57,30,8.03,scattered clouds,0.0,0.0
460,Olafsvik,IS,64.89,-23.71,51.04,74,100,9.69,overcast clouds,0.0,0.0
461,Balabac,PH,7.99,117.06,82.92,74,66,5.79,broken clouds,0.0,0.0
462,Sinjar,IQ,36.32,41.88,79.68,26,0,15.08,clear sky,0.0,0.0
463,Mogwase,ZA,-25.18,27.27,50.77,47,0,2.93,clear sky,0.0,0.0
464,Lakshmipur,BD,22.95,90.83,81.55,89,60,6.85,light rain,0.63,0.0
465,Maceio,BR,-9.67,-35.74,77.0,83,40,8.05,scattered clouds,0.0,0.0
466,Carballo,ES,43.21,-8.69,63.0,3,25,1.01,scattered clouds,0.0,0.0
467,Ulladulla,AU,-35.35,150.47,53.01,66,95,18.34,overcast clouds,0.0,0.0
468,Viransehir,TR,37.24,39.76,74.97,38,0,8.88,clear sky,0.0,0.0
469,Seoul,KR,37.57,126.98,80.6,57,90,13.87,overcast clouds,0.0,0.0
470,Udachnyy,RU,66.42,112.4,68.0,45,12,6.71,few clouds,0.0,0.0
471,Banda Aceh,ID,5.56,95.32,79.03,74,97,4.45,overcast clouds,0.0,0.0
472,Gornopravdinsk,RU,60.05,69.9,47.91,97,95,4.68,overcast clouds,0.0,0.0
473,Sindor,RU,62.86,51.89,40.35,70,94,6.24,overcast clouds,0.0,0.0
474,Vaitape,PF,-16.52,-151.75,79.66,78,96,16.93,overcast clouds,0.0,0.0
475,Teguldet,RU,57.31,88.17,56.46,91,22,4.09,few clouds,0.0,0.0
476,Rubiataba,BR,-15.16,-49.8,68.74,59,0,1.97,clear sky,0.0,0.0
477,Wanning,CN,18.8,110.4,81.66,89,100,11.83,overcast clouds,0.0,0.0
478,Ozernovskiy,RU,51.5,156.52,46.02,89,100,4.54,overcast clouds,0.0,0.0
479,Kangaatsiaq,GL,68.31,-53.46,39.29,86,100,8.19,overcast clouds,0.0,0.0
480,Shunyi,CN,40.12,116.65,75.0,82,92,4.47,overcast clouds,0.0,0.0
481,Zhangjiakou,CN,40.81,114.88,66.6,69,8,4.85,clear sky,0.0,0.0
482,Inirida,CO,3.87,-67.92,79.57,91,93,2.46,light rain,0.77,0.0
483,Marsh Harbour,BS,26.54,-77.06,83.32,77,46,6.96,scattered clouds,0.0,0.0
484,Westport,US,41.14,-73.36,82.4,58,1,8.05,clear sky,0.0,0.0
485,Klaksvik,FO,62.23,-6.59,51.8,81,66,12.75,broken clouds,0.0,0.0
486,Nioro,GM,13.35,-15.75,85.53,65,61,10.71,light rain,0.19,0.0
487,Port Macquarie,AU,-31.43,152.92,51.01,85,0,6.55,clear sky,0.0,0.0
488,Kempele,FI,64.91,25.5,60.8,63,42,3.36,scattered clouds,0.0,0.0
489,Formosa,AR,-26.18,-58.18,84.2,48,0,9.17,clear sky,0.0,0.0
490,Tual,ID,-5.67,132.75,80.26,81,62,21.63,broken clouds,0.0,0.0
491,Soligalich,RU,59.08,42.29,50.38,93,15,4.63,few clouds,0.0,0.0
492,Krasnoselkup,RU,65.7,82.47,51.89,72,0,1.07,clear sky,0.0,0.0
493,Otjimbingwe,NA,-22.35,16.13,56.43,34,0,7.11,clear sky,0.0,0.0
494,Moranbah,AU,-22.0,148.05,54.45,46,0,7.74,clear sky,0.0,0.0
495,Bathsheba,BB,13.22,-59.52,82.4,78,20,17.22,haze,0.0,0.0
496,Sobolevo,RU,54.43,31.9,57.61,90,49,4.36,scattered clouds,0.0,0.0
497,Zarubino,RU,42.63,131.09,57.85,96,100,9.37,overcast clouds,0.0,0.0
498,Walvis Bay,NA,-22.96,14.51,66.99,22,0,10.29,clear sky,0.0,0.0
499,Ketchikan,US,55.34,-131.65,57.2,87,75,13.87,broken clouds,0.0,0.0
500,Ahipara,NZ,-35.17,173.17,60.71,84,91,13.49,light rain,0.49,0.0
501,Prince Rupert,CA,54.32,-130.32,57.2,71,1,10.29,clear sky,0.0,0.0
502,Tooele,US,40.53,-112.3,86.0,20,1,10.29,clear sky,0.0,0.0
503,Soyo,AO,-6.13,12.37,72.45,87,93,6.96,overcast clouds,0.0,0.0
504,Santa Isabel Do Rio Negro,BR,-0.41,-65.02,77.67,85,98,0.43,overcast clouds,0.0,0.0
505,Digri,PK,25.16,69.11,89.42,65,17,15.57,few clouds,0.0,0.0
506,Biltine,TD,14.53,20.92,84.87,13,0,6.4,clear sky,0.0,0.0
507,Kemin,KG,42.78,75.69,62.53,44,44,5.35,scattered clouds,0.0,0.0
508,Ostroh,UA,50.33,26.51,63.5,97,100,7.05,light rain,0.54,0.0
509,Jenjarom,MY,2.88,101.5,80.6,88,20,4.7,few clouds,0.0,0.0
510,Springbok,ZA,-29.66,17.89,56.32,35,0,5.99,clear sky,0.0,0.0
511,Acarau,BR,-2.89,-40.12,76.98,72,43,14.16,light rain,0.27,0.0
512,Russell,US,32.35,-85.2,89.6,55,1,5.82,clear sky,0.0,0.0
513,Manyana,BW,-23.4,21.72,49.06,47,0,7.09,clear sky,0.0,0.0
514,Eirunepe,BR,-6.66,-69.87,78.04,89,77,1.86,light rain,0.26,0.0
515,South Sioux City,US,42.47,-96.41,78.8,39,40,12.75,scattered clouds,0.0,0.0
516,Valparaiso,CL,-33.04,-71.63,55.4,100,90,10.04,heavy intensity rain,0.0,0.0
517,Berettyoujfalu,HU,47.22,21.55,68.0,82,100,10.29,drizzle,0.0,0.0
518,Leh,IN,34.17,77.58,57.49,38,0,5.88,clear sky,0.0,0.0
519,Makakilo City,US,21.35,-158.09,84.2,61,75,12.75,broken clouds,0.0,0.0
520,Aquiraz,BR,-3.9,-38.39,80.6,74,93,9.17,overcast clouds,0.0,0.0
521,Hit,IQ,33.64,42.83,86.65,18,0,17.27,clear sky,0.0,0.0
522,Bogorodsk,RU,56.1,43.52,61.0,82,80,4.47,broken clouds,0.0,0.0
523,Mareeba,AU,-17.0,145.43,68.0,72,40,8.05,scattered clouds,0.0,0.0
524,Zhigansk,RU,66.77,123.37,69.17,41,4,2.08,clear sky,0.0,0.0
525,Salo,IT,45.61,10.53,78.01,73,20,1.12,few clouds,0.0,0.0
526,Ajdabiya,LY,30.76,20.23,68.52,76,0,10.04,clear sky,0.0,0.0
527,Fairbanks,US,64.84,-147.72,55.4,87,90,5.12,light rain,0.0,0.0
528,Tiarei,PF,-17.53,-149.33,82.4,61,40,6.93,scattered clouds,0.0,0.0
529,Talnakh,RU,69.49,88.4,53.6,76,0,6.71,clear sky,0.0,0.0
530,Chegdomyn,RU,51.12,133.02,56.84,57,100,2.62,overcast clouds,0.0,0.0
531,Teya,RU,60.38,92.63,60.58,71,92,2.37,overcast clouds,0.0,0.0
532,Eching,DE,48.3,11.62,59.0,87,0,1.12,clear sky,0.0,0.0
533,Tsiroanomandidy,MG,-18.77,46.03,66.34,78,39,1.68,scattered clouds,0.0,0.0
534,Hualmay,PE,-11.1,-77.61,65.08,75,72,10.96,broken clouds,0.0,0.0
535,Bocana De Paiwas,NI,12.79,-85.12,79.63,86,98,12.37,light rain,0.54,0.0
536,Calahorra,ES,42.31,-1.97,78.8,60,0,5.82,light rain,0.0,0.0
537,Rujewa,TZ,-8.7,34.38,65.52,63,0,10.13,clear sky,0.0,0.0
538,Chernushka,RU,56.51,56.08,50.63,93,39,10.58,light rain,0.14,0.0
